uid,body,title,url,newspaper_uid,host,n_tokens_title,n_tokens_body
131e34650438f35612005b90f539c78f,"Los partidos políticos no serán los protagonistas de los resultados de las próximas elecciones en las que se elegirán los futuros mandatarios regionales y locales. ¿La razón? La mayoría de aspirantes se inscribieron por firmas, armaron coaliciones y muy contados llegarán al poder con un logo exclusivo de un partido tradicional.Son tan variadas y sorprendentes las coaliciones que hay casos de aspirantes que exhiben en el tarjetón el respaldo de los partidos Liberal y Conservador, una situación impensable para los mayores, que recuerdan que la violencia partidista se encendió porque no podían ni verse.",Candidatos por coaliciones y firmas desdibujan a los partidos,https://www.eltiempo.com/elecciones-colombia-2019/elecciones-2019-candidatos-por-coaliciones-y-firmas-desdibujan-a-los-partidos-422648,eltiempo,www.eltiempo.com,5,45
5a77e4747de7686b64fe7fb1063619b3,"Luego de presentarse en las selecciones oficiales del Festival de Cine Francés en Portugal, Gran Bretaña, Argentina y Serbia, y de haber sido vendida a 40 países, se acaba de estrenar en Colombia ‘El emperador de París’, basada en la figura histórica del detective Eugène-François Vidocq. El personaje tiene una historia muy particular que trasciende el ámbito universal, al estilo de las obras clásicas de Victor Hugo, Poe y Balzac.",La historia de un buen ladrón a la francesa,https://www.eltiempo.com/cultura/cine-y-tv/el-emperador-de-paris-vincent-cassel-habla-sobre-esta-pelicula-422696,eltiempo,www.eltiempo.com,4,39
9127cb171df8a63f931afe412dc9ad24,"Colombia es de papel y solo funcionan las cosas en el mundo de la tinta. Escenificar los libretos de esta patria engañosa es una empresa en la que hemos fracasado. Aquí, tres capítulos de este sainete nacional para reír y llorar:Oasis pensional. Palabras que podrían entenderse, en un país civilizado, como metáfora de ese estadio glorioso en el que los ciudadanos, tras una vida de trabajo y confianza en el Estado, logran ir a casa con una pensión que les permite vivir dignamente. No, en Colombia oasis pensional quiere decir espejismo: cada vez que usted se acerca a la jubilación, el Gobierno y los legisladores van corriendo la edad para que la inmensa mayoría de los colombianos no llegue.",sainete columna de gustavo gomez cordoba 422884,https://www.eltiempo.com/opinion/columnistas/gustavo-gomez-cordoba/sainete-columna-de-gustavo-gomez-cordoba-422884,eltiempo,www.eltiempo.com,5,62
9196ed59947899b14a42008faf6f75e9,"Metrocali05:46 p.m.                             Metrocali, a reestructuración por insolvencia ante millonaria demanda                        Entidad informó que medida busca preservar la operación del MIO, tras  ...Homicidios04:10 p.m.                             Asesinaron a otro guardia indígena en el norte del Cauca                        El crimen se registró en Tacueyó, en zona de Toribío. ...Elsa Noguera11:56 a.m.                             Por fractura de fémur, Elsa Noguera debe descansar, pero campaña sigue                        Elecciones10:13 a.m.                             Jorge Iván Ospina levantó huelga de hambre por 'campaña sucia'                        Transporte08:20 a.m.                             Los primeros 21 buses para rodar con gas natural en Cali                        ",Especial Educación para todos,https://www.eltiempo.com/contenido-comercial/especial-educacion-para-todos-331486,eltiempo,www.eltiempo.com,2,45
45cc05b270ba877603832d942a1eba79,"Una de las principales preocupaciones de la Misión de Verificación de Naciones Unidas en Colombia son los asesinatos de los desmovilizados de las Farc.Así quedó en evidencia en el informe trimestral presentado la semana pasada ante el Consejo de Seguridad de la ONU. Para Carlos Ruiz Massieu, jefe de la Misión, si continúan los homicidios al mismo ritmo que se vienen presentando, la cifra de este año puede superar la del anterior. Sin embargo, reconoce los esfuerzos del Gobierno para evitar que esto suceda.",Homicidios de ex-Farc de este año podrían superar los del 2018: ONU,https://www.eltiempo.com/politica/proceso-de-paz/homicidios-de-ex-farc-de-este-ano-superarian-los-del-2018-onu-422826,eltiempo,www.eltiempo.com,5,42
c18b3d6efe72977f9e5016f59d6ae0dc,"En materia de criminalidad, Medellín no es como las otras ciudades del país. El panorama en la capital antioqueña y su área metropolitana es, tal vez, el más complejo de todos, debido a que esta alberga 10 de los 23 grupos de delincuencia organizada (GDO) de Colombia, es decir, el 43 por ciento de estructuras de crimen con gran poder de cometer delitos y ejercer control territorial.",La estrategia de Medellín para golpear las bandas criminales,https://www.eltiempo.com/colombia/medellin/la-estrategia-de-medellin-para-golpear-las-bandas-criminales-422712,eltiempo,www.eltiempo.com,5,31
13452deecc4fc63b98fbf71cc16e17ed,"Una nueva tragedia enluta al fútbol colombiano por la irracionalidad de algunos hinchas, que por unas camisetas cometen actos violentos. Esta vez la víctima fue aficionado de Millonarios, que murió luego de ser atacado por cuatro seguidores del América de Cali, tras la victoria 1-2 del conjunto caleño.",¡Otra tragedia! Nueva muerte por riña entre hinchas,https://www.eltiempo.com/deportes/futbol-colombiano/hincha-de-millonarios-resulto-muerto-tras-rina-con-hinchas-de-america-422820,eltiempo,www.eltiempo.com,5,28
42679c5066618b4e319c945b20f04c06,"Una mujer de 81 años fue capturada en la mañana de este domingo en el aeropuerto internacional José María Córdova, en Rionegro (Antioquia), sindicada de tráfico y porte de estupefacientes.La adulta mayor pretendía abordar un vuelo con destino a Madrid, España, pero al momento de hacer el tránsito migratorio fue perfilada por los agentes de la Policía Antinarcóticos, quienes detectaron la droga.","En silla de ruedas, abuela pretendía llevar cocaína a España",https://www.eltiempo.com/justicia/conflicto-y-narcotrafico/capturada-mujer-de-81-anos-que-pretendia-llevar-cocaina-en-silla-de-ruedas-a-espana-422810,eltiempo,www.eltiempo.com,7,33
f1f075e869410b4c45eccf1583144c88,"Al desierto de La Tatacoa, en Huila, han llegado geólogos y paleontólogos, desde hace más de 100 años, atraídos principalmente por la cantidad de restos fósiles que sin mucho esfuerzo se encuentran en los 330 kilómetros cuadrados que componen la segunda zona más árida de Colombia, que, aunque le llaman desierto, su ecosistema es realmente un bosque seco tropical. Decimos que “sin mucho esfuerzo” porque eso repiten los científicos constantemente, pero es solo llegar al lugar y darse cuenta de que el asunto, a ojos no entrenados, se parece más a encontrar un cabello en un campo de fútbol.","Desierto de La Tatacoa, el sitio más rico en fósiles del trópico",https://www.eltiempo.com/contenido-comercial/desierto-de-la-tatacoa-el-sitio-mas-rico-en-fosiles-del-tropico-411762,eltiempo,www.eltiempo.com,6,48
1669484c1eed13e38aced48fb108e2cf,"Metrocali04:53 p.m.                             Metrocali, a reestructuración por insolvencia ante millonaria demanda                        Entidad informó que medida busca preservar la operación del MIO, tras  ...Homicidios04:10 p.m.                             Asesinaron a otro guardia indígena en el norte del Cauca                        El crimen se registró en Tacueyó, en zona de Toribío. ...Elsa Noguera11:56 a.m.                             Por fractura de fémur, Elsa Noguera debe descansar, pero campaña sigue                        Elecciones10:13 a.m.                             Jorge Iván Ospina levantó huelga de hambre por 'campaña sucia'                        Transporte08:20 a.m.                             Los primeros 21 buses para rodar con gas natural en Cali                        ",El ‘top’ de las ciudades con más multimillonarios en el mundo en 2019,https://www.eltiempo.com/bogota/fotos-de-la-exhibicion-de-downhill-urbano-en-ciudad-bolivar-422824,eltiempo,www.eltiempo.com,4,45
5fd7f1a0972cbd3457a3b48f92e533c1,"Austin Butler. ¿Les suena el nombre? Tal vez sí, tal vez no. ¿Y el de Elvis Presley? Sin duda, prácticamente todo el mundo conoce el nombre del ‘rey’ del ‘rock and roll’. Y si hay alguien que vaya a traerlo de nuevo a la vida, ese es Austin.","Él es Austin Butler, el nuevo Elvis Presley",https://www.eltiempo.com/cultura/cine-y-tv/austin-butler-el-actor-que-dara-vida-a-elvis-presley-en-nueva-pelicula-422704,eltiempo,www.eltiempo.com,5,26
a93cbba5e3490e1a6adbca084c8078fd,"Las peticiones de la Asociación de Futbolistas Profesionales de Colombia (Acolfutpro) le pusieron los pelos de punta a la Dimayor, y terminarán poniéndoselos a la Federación de Fútbol entera.",Meluk le cuenta... (El derecho legítimo a ser escuchados),https://www.eltiempo.com/deportes/futbol-colombiano/gabriel-meluk-opina-sobre-la-protesta-de-los-futbolistas-colombianos-422904,eltiempo,www.eltiempo.com,6,15
c9e12ae2ab7fa802ded1b1788e074273,"Otra vez los vándalos. Fue el propio presidente Lenín Moreno quien le dijo a nuestra valiente periodista Andrea Bernal que también las Farc podrían estar detrás de las violentas infiltraciones a las marchas indígenas. Y no cabe duda de que a los indígenas ecuatorianos se les salieron de control las marchas y que fueron infiltradas, y no solo por las Farc, tal como infiltraron los vándalos las marchas estudiantiles en Colombia, hasta el punto de agarrar a piedra a los policías de turno. Indignación extrema producen esas acciones y la total impunidad que las rodea.",vandalos la exportacion de una plaga columna de juan lozano 422882,https://www.eltiempo.com/opinion/columnistas/juan-lozano/vandalos-la-exportacion-de-una-plaga-columna-de-juan-lozano-422882,eltiempo,www.eltiempo.com,6,46
5a3157cd5e699572a9c14b16cf6e40dc,"La Superintendencia de Transporte aceptó la solicitud de promoción de un acuerdo de reestructuración que Metrocali presentó el 27 de septiembre de este año ante este estamento por dificultades economicas para pagar la millonaria demanda a GIT Masivo. Es así que Metrocali incovó la Ley 550 del régimen de insolvencia en el país que cobija a entidades territoriales como las alcaldías, estamentos que son descentralizados territorialmente y universidades públicas o estatales.","Metrocali, a reestructuración por insolvencia ante millonaria demanda",https://www.eltiempo.com/colombia/cali/metrocali-solicito-aplicar-ley-de-insolvencia-423006,eltiempo,www.eltiempo.com,5,36
f07ba6f97d77d0e2c69e2e2131f52e04,"Wall Street cerró este lunes con leves pérdidas debido a las dudas que han surgido sobre el acuerdo comercial parcial con China anunciado el viernes por el presidente de Estados Unidos, Donald Trump, y que favoreció que el parqué cerrara la semana en verde. Al término de las operaciones en la Bolsa de Nueva York, el Dow Jones de Industriales se deslizó un 0,11 % o 29,23 puntos, hasta los 26.787,36, mientras que el selectivo S&P 500 se dejó un 0,14 % o 4,12 enteros, hasta los 2.966,15.El índice compuesto del mercado Nasdaq, en el que cotizan las principales tecnológicas, fue el que menos perdió, un 0,10 % o 8,39 unidades y acabó en 8.048,65. (Le puede interesar: Oro vuelve a brillar ante turbulencia y los vientos de recesión)",Dudas sobre acuerdo comercial entre EE. UU. y China nublan Wall Street,https://www.eltiempo.com/economia/sector-financiero/dudas-sobre-acuerdo-comercial-entre-ee-uu-y-china-nublan-wall-street-423032,eltiempo,www.eltiempo.com,9,59
8c10ea92910d376c05d4eab46943ffb6,"Así se vive desde adentro la marcha de los estudiantes, hasta el momento en que algo se sale de control. Además, en el pódcast de EL TIEMPO y Spotify: la historia de la monja que defendió a Álvaro Uribe y resultó no estar inscrita bajo ninguna congregación católica conocida. ¿quién es?; también, ¿por qué el próximo Festival Estéreo Picnic presenta un gran cartel y sin embargo enfrenta críticas?, agenda deportiva del fin de semana, ¿cuáles son, según la ciencia, las razones para que nos vaya mal en el amor? y al final, el Café Absenta de Maru Lombardo y una greca muy polémica.",¿Cómo una marcha pacífica se sale de control? / Deportes fin de semana,https://www.eltiempo.com/podcast/el-primer-cafe/como-una-marcha-pacifica-se-sale-de-control-deportes-fin-de-semana-422036,eltiempo,www.eltiempo.com,7,51
ec3312ada0cb3548e86688856b70d4c6,"Cuando el periodista paisa Juan Pablo Barrientos vio la película ‘Spotlight’, inspirada en una sonada investigación sobre pederastia en la Iglesia católica del diario ‘The Boston Globe’, se encontró con un detalle que llamó mucho su atención. “En los créditos aparecían los nombres de 206 ciudades: 105 estadounidenses y 101 del resto del mundo. Y decía la película que en estos lugares se habían presentado denuncias similares de abuso sexual a menores, y la única de Colombia era Medellín”, anota Barrientos.",Tras los casos de pederastia religiosa en Colombia,https://www.eltiempo.com/cultura/musica-y-libros/juan-pablo-barrientos-lanza-libro-sobre-pederastia-en-la-iglesia-catolica-422918,eltiempo,www.eltiempo.com,5,43
d7c54f4967aa018c3c304a78afb8bef3,"Oh gloria inmarcesible, oh jubilo que la independencia gana ya. La buena noticia del año es que más de cinco mil colombianos creen y apuestan porque la información sea libre y viva libre. Eso refrenda un bien democrático: la libertad de expresión.La historieta es la siguiente: El Gobierno y los poderes autoritarios creen que si se silencian las voces diferentes, ellos serán geniales y grandes, y reinarán en sus mentiras por siempre.",Viva la independencia de Uno / El otro lado,https://www.eltiempo.com/cultura/cine-y-tv/viva-la-independencia-de-uno-columna-de-omar-rincon-422474,eltiempo,www.eltiempo.com,3,38
a60e31658b85b5d5bdb3a262ae831963,"Hasta hace unos meses, World Class Jets LLC., con sede en Miami, figuraba como una próspera compañía de vuelos chárter de lujo.Incluso prometía servicios exclusivos a clientelas de alto nivel.Sin embargo, de manera abrupta, cerró sus puertas el 30 de abril del año pasado, justo cuando en Colombia su dueño, Diego Cadena Ramírez, quedó bajo el escrutinio público.Para esa época, autoridades y medios empezaron a indagar quién era el abogado que se pavoneaba en cárceles de Estados Unidos y de Colombia con un poder firmado por el expresidente Álvaro Uribe Vélez.(Le puede interesar: ONG explica aportes a familia de testigo en contra de Uribe)",Polémico abogado de Uribe tiene un asesor en la sombra,https://www.eltiempo.com/unidad-investigativa/diego-cadena-el-abogado-de-alvaro-uribe-en-la-mira-de-la-fiscalia-422582,eltiempo,www.eltiempo.com,5,59
038f1e52ca9071392962eefd4f59a21b,"Si tener más de 5 correos sin leer lo pone de mal genio o si usted es de los que a media noche revisa hasta la última notificación del celular puede que haya escuchado el término 'TOC digital', que insinúa que así como existen personas obsesionadas con el orden o la limpieza en su casa, hay otros que quieren tener su mundo digital impecable. ¿No puede dejar de revisar su teléfono? ¿Qué tipo de obsesiones puede tener alguien en internet? ¿Cómo se expresan? ¿Son un síntoma clínico o simples costumbres? ",¿Está obsesionado con ver sus notificaciones? ¿tiene un TOC digital?,https://www.eltiempo.com/tecnosfera/novedades-tecnologia/le-estresa-tener-notificaciones-que-es-un-toc-digital-entre-clics-421846,eltiempo,www.eltiempo.com,5,47
ca6e6f30c94616e68ff7601ef9922ccf,"Las reformas que el Gobierno ha incorporado al régimen de inversión del ahorro pensional, administrado por los fondos privados, para permitir una mayor exposición a alternativas de inversiones extranjeras, han venido notándose en los portafolios de estas administradoras, y el país es uno de los que se destacan en este frente.Así lo señala un reciente estudio de la consultora Mercer, que reunió información de unos 5 billones de dólares de activos bajo administración de esquemas públicos y privados de pensiones en 14 países de América Latina, Asia y África, de los cuales Colombia cuenta con recursos administrados por 73.000 millones de dólares.(Le puede interesar: Sepa si puede ser beneficiario del fondo de garantía de pensión mínima)",26 % de ahorro pensional a cargo de Afp está invertido en el exterior,https://www.eltiempo.com/economia/sectores/el-26-de-ahorro-pensional-a-cargo-de-afp-esta-invertido-en-el-exterior-422564,eltiempo,www.eltiempo.com,6,61
abc6cfeb641c3f95a65b2712dc0474b9,"Metrocali05:46 p.m.                             Metrocali, a reestructuración por insolvencia ante millonaria demanda                        Entidad informó que medida busca preservar la operación del MIO, tras  ...Homicidios04:10 p.m.                             Asesinaron a otro guardia indígena en el norte del Cauca                        El crimen se registró en Tacueyó, en zona de Toribío. ...Elsa Noguera11:56 a.m.                             Por fractura de fémur, Elsa Noguera debe descansar, pero campaña sigue                        Elecciones10:13 a.m.                             Jorge Iván Ospina levantó huelga de hambre por 'campaña sucia'                        Transporte08:20 a.m.                             Los primeros 21 buses para rodar con gas natural en Cali                        ",Por amor a mi hijo,https://www.eltiempo.com/colombia/otras-ciudades/testimonios-valientes-de-familias-con-hijos-con-enfermedades-raras-416426,eltiempo,www.eltiempo.com,2,45
3f9a1a4efc48c7f5854280584e18367d,"Ecuador recupera este lunes de a poco la normalidad tras doce días de protestas, varias de ella violentas, que terminaron la noche del domingo una vez que el Gobierno y los líderes indígenas llegaron a un acuerdo sobre el decreto que eliminó los subsidios a los combustibles.En la capital ecuatoriana, el servicio de transporte urbano se sumó al metropolitano que en los últimos días funcionó con algunos problemas, aunque el fin de semana fue casi nulo.",Ecuador recupera poco a poco la normalidad tras doce días de protestas,https://www.eltiempo.com/mundo/latinoamerica/situacion-de-ecuador-luego-de-las-protestas-indigenas-y-el-acuerdo-con-lenin-moreno-423008,eltiempo,www.eltiempo.com,7,38
59a9e6b18a473f213e8d56b255bbd50f,"Los economistas Abhijit Banerjee, Esther Duflo y Michael Kremer ganaron el Premio Nobel de Economía 2019 por crear un enfoque experimental para aliviar la pobreza mundial, informó este lunes la Real Academia de las Ciencias de Suecia. ""Los galardonados de este año han introducido un nuevo enfoque para obtener respuestas confiables sobre las mejores formas de combatir la pobreza mundial"", indicó la academia en un comunicado.",Nobel de Economía a investigadores de la reducción de pobreza global,https://www.eltiempo.com/economia/sectores/nobel-de-economia-abhijit-banerjee-esther-duflo-y-michael-kremer-ganadores-del-nobel-de-economia-422948,eltiempo,www.eltiempo.com,6,39
f6427a8c63f7fea3b569880d30814075,"“Muchas investigaciones de la Farmacología han partido del conocimiento ancestral. Fue así como grupos multidisciplinarios de investigadores desarrollaron productos con actividades terapéuticas para cuidar y mejorar la calidad de vida de las personas. Estos estudios no sólo han influido en la farmacia, también han beneficiado otras áreas como la de los alimentos y de la cosmética, por nombrar algunas”. Según el director científico y médico de LABFARVE y profesor titular e investigador de la Fundación Universitaria Juan N. Corpas, Óscar López.",Cinco propiedades de la Caléndula para el cuidado de la salud,https://www.eltiempo.com/contenido-comercial/cinco-propiedades-de-la-calendula-para-el-cuidado-de-la-salud-420930,eltiempo,www.eltiempo.com,5,42
53881f86961a34a9981ee3dd99bb97e2,"La declaración del presidente de Estados Unidos, Donald Trump, sobre que cuatro congresistas demócratas –Ayanna Pressley, Alexandria Ocasio-Cortez, Ilhan Omar y Rashida Tlaib– deberían “regresar” a sus países fue un recordatorio más de su descarado racismo y sexismo. Tres de ellas nacieron en EE. UU. y la cuarta se convirtió en ciudadana de ese país cuando aún era menor de edad. Sin embargo, dicha declaración también resalta los perfiles en ascenso de las mujeres en el ámbito de la política. Una tendencia que continuará, sin importar si esto aterroriza a hombres inseguros como Trump.","Mujeres en el poder, una ola que crece día a día",https://www.eltiempo.com/vida/mujeres/mujeres-que-ocupan-importantes-cargos-politicos-en-europa-422838,eltiempo,www.eltiempo.com,6,48
73130d075b508643141b9f7706acc163,"Es una mañana de invierno en Mánchester, la temperatura no sube de los 2 ° y es la última semana de grabación de la quinta temporada de ‘Peaky Blinders’. En un viejo estudio totalmente acondicionado para la serie, Cillian Murphy se muestra tranquilo. Vestido de forma impecable como Tommy Shelby, está más corpulento que en las primeras temporadas. “¿Cómo llegaste hasta acá?”, pregunta mientras come galletas, algo sorprendido por el impacto global de la serie.",Así construyó Cillian Murphy su personaje en ‘Peaky Blinders’,https://www.eltiempo.com/cultura/cine-y-tv/peaky-blinders-cillian-murphy-cuenta-como-construyo-el-personaje-de-tommy-shelby-422700,eltiempo,www.eltiempo.com,7,39
a3e7cc702d172a47486a378ce344e37f,"La decisión del Consejo Nacional de Patrimonio Cultural (CNPC) de declarar un lote que está ubicado en las inmediaciones del cementerio Central, en la calle 26 entre carreras 19 y 19B, como Patrimonio Nacional, no tardó en hacer ampolla en la Administración Distrital, pues en ese terreno, de 3,6 hectáreas, el plan era construir un parque.",Memoria histórica vs. parque: la pelea del Alcalde con Patrimonio,https://www.eltiempo.com/bogota/penalosa-critica-decision-de-conservar-obra-de-beatriz-gonzalez-422520,eltiempo,www.eltiempo.com,6,27
56833ab276ff29bf43addae6ecfcacb6,"Según el pronóstico del clima, el termómetro en Washington llegará a 24 grados centígrados mañana, pero el jueves habrá bajado a los 17 grados, lo cual hará necesario desempolvar los suéteres y las chaquetas que se quedaron guardados durante el verano y ahora se vuelven indispensables para pasar el otoño. Las hojas caídas que ya comienzan a verse en las calles de la ciudad les recordarán tanto a los residentes como a los visitantes ocasionales que el invierno se encuentra a la vuelta de la esquina.(Le puede interesar: Los errores de Argentina y el FMI en la crisis de ese país)",Campanazo por la tasa de crecimiento mundial más baja de la década,https://www.eltiempo.com/economia/sectores/tasa-de-crecimiento-global-mas-baja-de-la-decada-debe-poner-en-guardia-a-colombia-422550,eltiempo,www.eltiempo.com,6,46
72666307dd51dcde8fd0dd43020a4658,"Metrocali04:53 p.m.                             Metrocali, a reestructuración por insolvencia ante millonaria demanda                        Entidad informó que medida busca preservar la operación del MIO, tras  ...Homicidios04:10 p.m.                             Asesinaron a otro guardia indígena en el norte del Cauca                        El crimen se registró en Tacueyó, en zona de Toribío. ...Elsa Noguera11:56 a.m.                             Por fractura de fémur, Elsa Noguera debe descansar, pero campaña sigue                        Elecciones10:13 a.m.                             Jorge Iván Ospina levantó huelga de hambre por 'campaña sucia'                        Transporte08:20 a.m.                             Los primeros 21 buses para rodar con gas natural en Cali                        ",Nunca más Escobar,https://www.eltiempo.com/colombia/medellin/colombia-dice-nunca-mas-a-pablo-escobar-25-anos-despues-de-su-muerte-299946,eltiempo,www.eltiempo.com,2,45
395728185e6297a0f268c61592a3b6ee,"Jaime Garzón se volvió una representación de Colombia. En cada personaje suyo cabía un colombiano distinto. No fue un humorista, fue un pensador. Decía lo suficiente para que su público se fuera con la cabeza preñada de ideas.Precisamente eso fue lo que volvió a ocurrir este puente festivo en Corferias, en desarrollo del Sofa, evento que agrupa a los fanáticos del anime y las artes plásticas y visuales.(Le puede interesar: Colombia tendrá ministerio de ciencia antes de terminar octubre)",Los cuadros que pusieron a reflexionar a los asistentes al Sofa,https://www.eltiempo.com/politica/proceso-de-paz/los-cuadros-que-pusieron-a-reflexionar-a-los-asistentes-al-sofa-423046,eltiempo,www.eltiempo.com,5,38
8b86a4ba94389f3eed95fab0f6089f01,"De acuerdo con la información de las autoridades de Tránsito el mayor flujo de vehículos proviene de la vía Girardot, que está operando con tres carriles en el sentido a Bogotá.",Habilitaron carriles de TransMilenio en Autosur para operación retorno,https://www.eltiempo.com/bogota/operacion-retorno-a-bogota-14-de-octubre-alto-flujo-vehicular-por-las-autopistas-norte-y-sur-423042,eltiempo,www.eltiempo.com,6,14
36eeb745ecb12d403d1ebff574f8b878,"La Unión Europea presentará una queja ante la Organización Mundial del Comercio (OMC) en contra de Colombia por los aranceles que impuso a las importaciones de papas fritas congeladas, dijo el lunes la comisaria de Asuntos del Comercio del bloque, Cecilia Malmstrom. En noviembre del año pasado, Colombia impuso un arancel de hasta 8% a las papas fritas congeladas procedentes de Bélgica, Holanda y Alemania tras argumentar que los precios de estas importaciones estaban artificialmente bajos.",UE presentará queja ante la OMC contra Colombia por papas fritas,https://www.eltiempo.com/economia/sectores/ue-presentara-queja-ante-la-omc-contra-colombia-por-papas-fritas-423016,eltiempo,www.eltiempo.com,7,42
632462fa93230d49e868997d64b8162e,"Cuando nació mi bisabuela, las mujeres no podían tener cuentas ni propiedades a nombre de ellas.Cuando nació mi abuela, las mujeres no podían terminar el bachillerato ni acceder a la universidad.Cuando nació mi mamá, las mujeres no tenían derecho a votar.Cuando nací yo, las mujeres eran vistas como trofeos de caza y piezas decorativas de belleza.Cuando nació mi hija, las mujeres sufrían de una brutal desigualdad y discriminación laboral.",claudia columna de paola ochoa 422890,https://www.eltiempo.com/opinion/columnistas/paola-ochoa/claudia-columna-de-paola-ochoa-422890,eltiempo,www.eltiempo.com,4,34
7f168238a8902a5ced2a490f4c620a12,"Tras el revuelo que causó el mensaje de Kepa Amuchastegui, en su cuenta de Linkedin en el que pedía que le dieran la oportunidad de trabajar, el actor habló con EL TIEMPO para aclarar las cosas.“Lo único que dije en mi nota personal es que estoy buscando trabajo porque, efectivamente, acabo de terminar un proyecto con Caracol que saldrá el año entrante y ahora estoy disponible (…) Aunque la gente cree que uno gana las millonadas del siglo, tampoco es tanto. Yo vivo de mi trabajo y contrario a los que algunos medios han dicho ni Caracol ni RCN me han dado la espalda, al contrario se han portado muy bien conmigo”, dijo Amuchastegui.Le puede interesar: ‘¡Más vivos que nunca!’, así celebra Discos Fuentes 85 años)",Actor Kepa Amuschastegui aclara mensaje de un trino que causó revuelo,https://www.eltiempo.com/cultura/cine-y-tv/kepa-amuchastegui-pide-trabajo-por-redes-sociales-423022,eltiempo,www.eltiempo.com,8,62
97119aae927eb1f26f07c5fe148de682,"Aunque el crecimiento de la economía viene rebotando desde finales del 2017, pasando del 1,7 por ciento en ese año a 2,7 por ciento en el 2018 y al 3 por ciento al corte del primer semestre, ello no ha sido suficiente para absorber la mano de obra, a tal punto que la generación de empleo, que crecía al 1 por ciento, hoy está cayendo a tasas del 6 por ciento.La situación se ha visto reflejada en los niveles de desempleo, que de estar por debajo del 9 por ciento en el 2015 han venido subiendo continuamente cuatro años, hasta llegar al 11,8 por ciento en agosto pasado, mientras que la tasa de desocupación de los jóvenes, según el Dane, se ubicó en 17,5 por ciento en el trimestre mayo-julio, el nivel más alto desde el 2013 para este mismo período, según el Dane.","Salario diferencial para jóvenes, idea que calienta el debate laboral",https://www.eltiempo.com/economia/sectores/salario-diferencial-para-jovenes-idea-que-calienta-el-debate-laboral-422572,eltiempo,www.eltiempo.com,7,60
4a495e9cbe9f2755e07493c8230b34c3,"Philip Kindred Dick se había caído y levantado varias veces. Su paranoia lo conducía en espiral hacia un abismo mientras esperaba un mensaje existencial, una revelación. En 1974, con los ojos cerrados, escuchaba ‘Strawberry Fields Forever’ en su casa de California. Tessa, su mujer, cambiaba los pañales de su bebé, que lloraba sin parar. Dick sintió una luz, una iluminación; alguien le dictaba una información precisa: el pequeño tenía una hernia inguinal derecha estrangulada. Los análisis no habían detectado nada, pero en el hospital el pediatra confirmó el diagnóstico y Christopher Dick fue operado. ",La urgente vigencia de un autor de culto,https://www.eltiempo.com/cultura/musica-y-libros/philip-k-dick-series-y-libros-del-mago-de-la-ciencia-ficcion-422858,eltiempo,www.eltiempo.com,4,54
0b327c6cf6e670be78960198263afdf6,La Federación Inglesa de Fútbol (FA) anunció este lunes por la noche que pedirá a la Uefa que investigue sobre los gritos racistas de los que fueron víctima algunos de sus jugadores durante la victoria 6-0 contra Bulgaria en Sofía.,Cánticos racistas empañan la jornada clasificatoria para la Euro,https://www.eltiempo.com/deportes/futbol-internacional/canticos-racistas-en-el-partido-bulgaria-vs-inglaterra-en-la-clasificacion-para-la-eurocopa-423048,eltiempo,www.eltiempo.com,6,17
8d5a944fa4bf689cff4a7db3b5da7b3c,"En un país como el nuestro, donde, por desgracia, la niñez y la adolescencia son acechadas por diversos peligros, y son presa de caza de numerosos delincuentes, cada preocupación, cada esfuerzo, cada llamado a tomar conciencia –y acciones, sobre todo– para defender a los menores y proteger sus derechos, es de suma trascendencia. ",los candidatos y la ninez editorial de el tiempo 422870,https://www.eltiempo.com/opinion/editorial/los-candidatos-y-la-ninez-editorial-de-el-tiempo-422870,eltiempo,www.eltiempo.com,4,26
56279b9f0902368cbd154d9172f9eeb3,"Del 10 al 14 de octubre se está llevando a cabo el Salón del Ocio y la Fantasía (Sofa), el cual reúne a miles de asistentes cada año en torno a los videojuegos, la ciencia ficción, la fantasía, el anime, los juegos de rol y el 'cosplay'. En otras palabras, el énfasis del Sofa está en las industrias del entretenimiento.","Disfraces, juegos y nostalgia, en el Sofa de este año",https://www.eltiempo.com/bogota/disfraces-juegos-y-nostalgia-en-el-sofa-de-este-ano-422532,eltiempo,www.eltiempo.com,5,25
b2f63b9d96f2826731a58c149b769142,"Los últimos uniformes de la Selección Colombia, diseñados y elaborados por la firma Adidas, han causado polémica, en especial el titular que ahora usa el equipo. Si bien conserva los colores amarillo, azul y rojo, el diseño de la camiseta, con unas rayas azules al frente, no gustó mucho. ",¿La Selección Colombia cambia de camiseta? Las pistas,https://www.eltiempo.com/deportes/futbol-internacional/la-seleccion-colombia-estrenaria-nueva-camiseta-423024,eltiempo,www.eltiempo.com,5,29
cd80c672f91d30bf9a714dba329c57c5,"El registrador nacional, Juan Carlos Galindo, dijo que hasta ahora, la organización del proceso electoral del 27 de octubre avanza sin dificultades, aunque reconoció que hay algunas zonas del país en las que la información sobre la situación de orden público no es muy halagüeña.En materia de cifras, recordó que estos comicios tendrán un costo de 829.000 millones de pesos, que para el día de las elecciones se utilizarán 400 teléfonos satelitales y que están imprimiendo 155 millones de tarjetones.También expresó su inquietud por las noticias falsas en redes sociales en época electoral.",Las falsas noticias se han convertido en un riesgo electoral: Galindo,https://www.eltiempo.com/elecciones-colombia-2019/elecciones-2019-juan-carlos-galindo-habla-del-proceso-electoral-422656,eltiempo,www.eltiempo.com,6,43
df30afc25fbef7bbc0410a4046648ace,"Metrocali05:46 p.m.                             Metrocali, a reestructuración por insolvencia ante millonaria demanda                        Entidad informó que medida busca preservar la operación del MIO, tras  ...Homicidios04:10 p.m.                             Asesinaron a otro guardia indígena en el norte del Cauca                        El crimen se registró en Tacueyó, en zona de Toribío. ...Elsa Noguera11:56 a.m.                             Por fractura de fémur, Elsa Noguera debe descansar, pero campaña sigue                        Elecciones10:13 a.m.                             Jorge Iván Ospina levantó huelga de hambre por 'campaña sucia'                        Transporte08:20 a.m.                             Los primeros 21 buses para rodar con gas natural en Cali                        ",¿Qué tan saludable es comer huevo? Conozca estos cinco beneficios,https://www.eltiempo.com/salud/cinco-beneficios-de-comer-huevo-422286,eltiempo,www.eltiempo.com,7,45
d9a40ea5da885a426f1a00f34406e345,"¿Qué debe tener un navegador para captar la atención de la gente que utiliza internet, que hoy es casi la mitad de la población mundial? Los tres requisitos principales son bastante conocidos: ser livianos (no consumir muchos recursos de nuestra máquina), ofrecer velocidad y seguridad. Pero a lo anterior se ha sumado otra necesidad: ser multiplataforma, porque actualmente a internet se accede desde los PC, los teléfonos, las tabletas e incluso –aunque aquí hay algunas diferencias– desde el televisor.",Navegadores web: ¿hay vida más allá de Chrome?,https://www.eltiempo.com/tecnosfera/novedades-tecnologia/navegadores-web-disponibles-ademas-de-chrome-422688,eltiempo,www.eltiempo.com,5,40
c94a8ce30fbab075b2727ce6b0aab08f,"Metrocali04:53 p.m.                             Metrocali, a reestructuración por insolvencia ante millonaria demanda                        Entidad informó que medida busca preservar la operación del MIO, tras  ...Homicidios04:10 p.m.                             Asesinaron a otro guardia indígena en el norte del Cauca                        El crimen se registró en Tacueyó, en zona de Toribío. ...Elsa Noguera11:56 a.m.                             Por fractura de fémur, Elsa Noguera debe descansar, pero campaña sigue                        Elecciones10:13 a.m.                             Jorge Iván Ospina levantó huelga de hambre por 'campaña sucia'                        Transporte08:20 a.m.                             Los primeros 21 buses para rodar con gas natural en Cali                        ","Pipian y carantanta, insignias culinarias del Cauca y Popayán",https://www.eltiempo.com/cultura/gastronomia/comida-tipica-que-se-encuentra-en-congreso-gastronomico-de-popayan-422238,eltiempo,www.eltiempo.com,6,45
529adecbb6671c5d07818082c1cbc41f,"El máximo órgano de la justicia española, el Tribunal Supremo, condenó a los responsables del separatismo catalán por actos desarrollados en ese sentido y por la declaración unilateral de independencia del 27 de octubre de 2017.Las penas impuestas a los nueve líderes catalanes van desde los 13 a los 9 años de cárcel.",Supremo español condena a prisión a líderes del separatismo catalán,https://www.eltiempo.com/mundo/europa/supremo-espanol-condena-a-prision-los-lideres-del-separatismo-catalan-422990,eltiempo,www.eltiempo.com,7,24
0839425949d3f2411bc7e34bf89d3dc0,"Metrocali05:46 p.m.                             Metrocali, a reestructuración por insolvencia ante millonaria demanda                        Entidad informó que medida busca preservar la operación del MIO, tras  ...Homicidios04:10 p.m.                             Asesinaron a otro guardia indígena en el norte del Cauca                        El crimen se registró en Tacueyó, en zona de Toribío. ...Elsa Noguera11:56 a.m.                             Por fractura de fémur, Elsa Noguera debe descansar, pero campaña sigue                        Elecciones10:13 a.m.                             Jorge Iván Ospina levantó huelga de hambre por 'campaña sucia'                        Transporte08:20 a.m.                             Los primeros 21 buses para rodar con gas natural en Cali                        ",El joven que evitó 'malos pasos' y hoy es imagen del Bienal de Danza,https://www.eltiempo.com/colombia/cali/bienal-internacional-de-danza-el-joven-que-evito-malos-pasos-y-se-puso-a-bailar-422744,eltiempo,www.eltiempo.com,7,45
40e464848ffb312c6e661a9c738b1dec,"Detrás de unas gafas oscuras de marca, un hábito tradicional y un pesado megáfono, la religiosa Adriana Torres salió el martes pasado del anonimato.En medio de la tensa jornada judicial que vivió el país ese día por la citación de la Corte Suprema al expresidente Álvaro Uribe, dentro del proceso que se le sigue por presunto fraude procesal y manipulación de testigos, la monja terminó destacándose entre la muchedumbre que lo esperaba en las afueras del Palacio de Justicia.“¡Que viva el sagrado Álvaro Uribe!”, “¿Por qué lo persiguen?”, “Él está con el señor Jesús”, “No es ningún paraco”, “Llevo la sangre uribista”, gritaba Torres.(Le puede interesar: Desde Roma preguntan por monja que gritó arengas a favor de Uribe)","La historia oculta de Adriana, la polémica monja uribista",https://www.eltiempo.com/unidad-investigativa/la-historia-de-la-monja-uribista-adriana-torres-422594,eltiempo,www.eltiempo.com,6,66
53beed1de27a806369b03b6c3e28a1c0,"Las autoridades confirmaron que gracias a un trabajo artículado entre el Ejército Nacional, la Policía, la Fuerza Aérea y la Fiscalía los tres funcionarios de la empresa Coninfra fueron  liberados y trasladados en helicóptero hasta Medellín.","Liberan a los tres contratistas secuestrados en Ituango, Antioquia",https://www.eltiempo.com/colombia/medellin/liberan-a-personas-secuestradas-en-ituango-antioquia-422796,eltiempo,www.eltiempo.com,6,19
77307d0b75dcf5ff834e4718332d49ef,"El traslado de la sede operativa de la Unidad de Mantenimiento Vial (UMV), que duró más de 90 años funcionando en el barrio Veraguas, de la localidad de Los Mártires, derivó en un pleito jurídico que enreda a la entidad. ",La UMV responde a polémica por el traslado de su sede operativa,https://www.eltiempo.com/bogota/la-umv-responde-a-polemica-por-el-traslado-de-su-sede-operativa-422832,eltiempo,www.eltiempo.com,6,19
b317c5b66c40e98b5db1be8b9c0cac41,"El fotógrafo Saurav Anuraj está en 'el ojo del huracán' por haber realizado una sesión de fotos de Moda, con una estudiante llamada Aditi Singh como modelo, precisamente en Patna (Bihar, India) y durante las inundaciones ocasionadas la semana pasada por lluvias torrenciales que han dejado al menos 59 muertos en el norte del país asiático.",Indignación por sesión de fotos de modelo en medio de una inundación,https://www.eltiempo.com/mundo/asia/asia-422466,eltiempo,www.eltiempo.com,6,31
bece5a84f8a82d4c31a5d035fc464bc6,"Los jugadores del Real Madrid Gareth Bale y Luka Modric acabaron lesionados el encuentro entre Gales y Croacia, disputado en Cardiff, de la fase de clasificación para la Eurocopa 2020. Sin conocerse la gravedad de las lesiones, el colombiano James Rodríguez, quien se encuentra entrenando con el equipo en el parón Fifa, podría ser el remplazo de alguno de estos dos jugadores.","James, la solución a un nuevo dolor de cabeza para Real Madrid",https://www.eltiempo.com/deportes/futbol-internacional/modric-y-bale-se-lesionaron-y-james-rodriguez-podria-ser-titular-con-real-madrid-422818,eltiempo,www.eltiempo.com,7,34
fdf03e3b407a04c7e60199274fd7e6cc,"El presidente de Ecuador, Lenín Moreno, y el movimiento indígena, alcanzaron este domingo un acuerdo para poner fin a las protestas que estallaron hace 12 días, tras la decisión del gobierno de derogar el decreto que eliminaba subsidios a los combustibles. ""Con este acuerdo se terminan las movilizaciones y medidas de hecho en todo el Ecuador y nos comprometemos de manera conjunta a restablecer la paz en el país"", señala el acuerdo leído por Arnaud Peral, representante en  Ecuador de la ONU, que medió en la crisis junto a la Iglesia católica.",Indígenas en Ecuador tumban la eliminación del subsidio a la gasolina,https://www.eltiempo.com/mundo/latinoamerica/lenin-moreno-e-indigenas-logran-acuerdo-para-poner-fin-a-protestas-422926,eltiempo,www.eltiempo.com,6,48
770527273b3f2f95519e5f5f1f1a4de6,"Desde que Colombia es patria, quienes hemos crecido aquí lo hemos hecho entre una guerra y otra, o también hemos coincidido con los tiempos violentos, en medio de conflictos armados o como quiera que se le llame al hecho de matarnos unos a otros, con razón o sin ella.","El amor, otro sobreviviente del conflicto",https://www.eltiempo.com/cultura/musica-y-libros/vanessa-de-la-torre-lanza-el-libro-historias-de-amor-en-campos-de-guerra-422916,eltiempo,www.eltiempo.com,3,17
77960448b8f68bcb4b6b1f02deeed206,"Al menos 35 personas murieron tras el paso del devastador tifón Hagibis en Japón, indicó la prensa local este domingo, mientras bomberos y soldados socorrían a los habitantes atrapados por las numerosas inundaciones. Más de 100.000 rescatistas, incluyendo 31.000 soldados, trabajaron durante toda la noche en el auxilio de personas atrapadas, después de que las lluvias torrenciales causaran corrimientos de tierra y el desbordamiento de ríos. El gobierno dio cuenta de un balance de 14 fallecidos y 11 desaparecidos, pero la prensa local informó que al menos 35 personas habían perecido y que 11 seguían desaparecidas. ",Al menos 35 muertos en Japón por el paso del tifón Hagibis,https://www.eltiempo.com/mundo/asia/tifon-hagibis-deja-muerte-y-destruccion-tras-su-paso-por-japon-422828,eltiempo,www.eltiempo.com,6,52
6913e42c5cf8dbaef5494c55e9d87e40,"""Monja uribista, fuera de la Miniorista"". Con esta arenga, varios empleados de la plaza de mercado La Minorista de Medellín abuchearon a Adriana Torres, la supuesta religiosa que se declaró seguidora del senador Álvaro Uribe. En un video que circula en redes sociales se ve a Torres con su habitual hábito llevando un carrito de mercado con verduras y otros víveres adentro. Mientras camina por los corredores de la plaza de mercado, varias personas le gritan que se vaya del lugar.",Video: así fue recibida 'monja uribista' en su reaparición en Medellín,https://www.eltiempo.com/colombia/medellin/recibimiento-de-monja-uribista-en-su-reaparicion-en-medellin-422102,eltiempo,www.eltiempo.com,6,44
078f9afda7e462c76baa8be7dfa85462,"Las marchas estudiantiles no cesan. Y lo que más incomoda a la ciudadanía es que no son pacíficas. Todas las que se han realizado, sin excepción, confluyen con desórdenes, pedreas, choques con la Policía, muchas veces heridos y siempre, graves destrozos en establecimientos comerciales y edificaciones públicas. En el último mes, según el dato oficial del Ministerio de Educación, se han presentado 35 movilizaciones estudiantiles solo en Bogotá. En el campo del magisterio, los paros este año han sido 7.(Le puede interesar: Mineducación defendió 10 de los acuerdos con el sector educativo)",‘El Gobierno ha cumplido con los acuerdos’: Mineducación,https://www.eltiempo.com/vida/educacion/el-gobierno-ha-cumplido-con-los-acuerdos-mineducacion-422614,eltiempo,www.eltiempo.com,4,48
b8e7f7bdca4440a411093274a5d26c69,"En medio de la polémica por  el cambio del quinto jugador para las finales de la Copa Davis, que se jugarán en noviembre en Madrid, EL TIEMPO conoció cómo fue que se dio la salida de Nicolás Mejía y el ingreso de Alejandro González.",Capitán de equipo de la Davis habla de la salida de Mejía,https://www.eltiempo.com/deportes/tenis/declaraciones-de-pablo-gonzalez-capitan-de-colombia-en-copa-davis-423000,eltiempo,www.eltiempo.com,6,21
83999fc9aba8906fb100d7963b96bdf0,"Hace 7 años, cuando apareció la lista que premia a los 50 Mejores Restaurantes de América Latina, conocida como ‘50 Best’ –que a su vez está inspirada en la lista mundial que ya tiene 16 años–, los 25 primeros puestos fueron ocupados por restaurantes “a manteles”, si es que en Latinoamérica se pueda cumplir ese concepto a cabalidad.Sin embargo, desde el año pasado, el foco de selección cambió. Hoy, los 252 votantes, que en su gran mayoría son periodistas especializados y cocineros –más uno que otro sibarita que incluye la organización–, han puesto sus ojos en otro tipo de locales que responden a parámetros muchísimo más amplios y que favorecen a los restaurantes casuales e, incluso, a los tradicionales.",Colombia y los ‘50 Best’ / Buena Muela,https://www.eltiempo.com/cultura/gastronomia/colombia-y-los-50-best-columna-de-mauricio-silva-422866,eltiempo,www.eltiempo.com,4,53
2100947921f1ff886657821d2bd1e7b5,"Metrocali05:46 p.m.                             Metrocali, a reestructuración por insolvencia ante millonaria demanda                        Entidad informó que medida busca preservar la operación del MIO, tras  ...Homicidios04:10 p.m.                             Asesinaron a otro guardia indígena en el norte del Cauca                        El crimen se registró en Tacueyó, en zona de Toribío. ...Elsa Noguera11:56 a.m.                             Por fractura de fémur, Elsa Noguera debe descansar, pero campaña sigue                        Elecciones10:13 a.m.                             Jorge Iván Ospina levantó huelga de hambre por 'campaña sucia'                        Transporte08:20 a.m.                             Los primeros 21 buses para rodar con gas natural en Cali                        ",Will Smith huye de Will Smith en Cartagena,https://www.eltiempo.com/cultura/cine-y-tv/will-smith-habla-de-proyecto-geminis-pelicula-que-grabo-en-cartagena-422244,eltiempo,www.eltiempo.com,6,45
c7c6996b6c3a92a55dcebb5701ebbde1,"Metrocali04:53 p.m.                             Metrocali, a reestructuración por insolvencia ante millonaria demanda                        Entidad informó que medida busca preservar la operación del MIO, tras  ...Homicidios04:10 p.m.                             Asesinaron a otro guardia indígena en el norte del Cauca                        El crimen se registró en Tacueyó, en zona de Toribío. ...Elsa Noguera11:56 a.m.                             Por fractura de fémur, Elsa Noguera debe descansar, pero campaña sigue                        Elecciones10:13 a.m.                             Jorge Iván Ospina levantó huelga de hambre por 'campaña sucia'                        Transporte08:20 a.m.                             Los primeros 21 buses para rodar con gas natural en Cali                        ",Síntesis y estadísticas de la fecha 17 de la Liga,https://www.eltiempo.com/economia/sectores/ciudades-con-mas-multimillonarios-en-el-mundo-421018,eltiempo,www.eltiempo.com,4,45
86d52486bde0be0498006d06a37e32ee,"Metrocali05:46 p.m.                             Metrocali, a reestructuración por insolvencia ante millonaria demanda                        Entidad informó que medida busca preservar la operación del MIO, tras  ...Homicidios04:10 p.m.                             Asesinaron a otro guardia indígena en el norte del Cauca                        El crimen se registró en Tacueyó, en zona de Toribío. ...Elsa Noguera11:56 a.m.                             Por fractura de fémur, Elsa Noguera debe descansar, pero campaña sigue                        Elecciones10:13 a.m.                             Jorge Iván Ospina levantó huelga de hambre por 'campaña sucia'                        Transporte08:20 a.m.                             Los primeros 21 buses para rodar con gas natural en Cali                        ",200 años de lo que somos,https://www.eltiempo.com/colombia/otras-ciudades/especial-sobre-bicentenario-de-colombia-2019-368714,eltiempo,www.eltiempo.com,1,45
db9935fe04fd1e6dd77a0d7d5ee51be0,"Saber detectar y conocer los síntomas de enfermedades que pueden poner en riesgo la vida, es fundamental. Para lograrlo, es importante capacitarse sobre el tema, y entender de qué manera se debe actuar, cuando estos se presentan. Un ejemplo de ello, es el ataque cerebrovascular, el cual se entiende por definición como “el daño de la circulación al sistema nervioso y al cerebro. Cuando esto ocurre, puede suceder o porque se ocluye una arteria o porque se rompe. Lo que es más común y de gran importancia social, es cuando se ocluye. El tejido se queda sin circulación y se infarta; una arteria se tapa y el tejido que debía recibir sangre de esa arteria, se infarta” explica el doctor Mario Muñoz Collazos, jefe de neurología de la Clínica Marly.",¿Qué tanto sabe sobre el ataque cerebrovascular?,https://www.eltiempo.com/contenido-comercial/que-tanto-sabe-sobre-el-ataque-cerebrovascular-421854,eltiempo,www.eltiempo.com,3,62
2ba3aaa151adb02578aec7a3d36a9e94,"Las discusiones de pareja son algo tan normal como inevitable. Pero un equipo de investigadores de la Universidad de Tennessee, en Estados Unidos, se propuso averiguar por qué algunas parecen llevarlo mucho mejor que otras, descubriendo que aquellas que son más felices suelen discutir por temas que son más fáciles de resolver.Para alcanzar esta conclusión, publicada en la revista ‘Family Process’, los expertos analizaron a 57 parejas de unos 30 años de edad que llevaban casados unos 9 años; y 64 que tenían más de 70 años y llevaban juntos más de 40.",El secreto a la hora de discutir de las parejas que son más felices,https://www.eltiempo.com/vida/mujeres/estudio-sobre-como-resuelven-las-parejas-sus-discusiones-422724,eltiempo,www.eltiempo.com,5,39
71e47b81cb5b8f13fee1a359c565bc5e,"El grupo argentino de humoristas musicales Les Luthiers recibió el jueves pasado en Madrid un homenaje del Instituto Cervantes y de personajes de la cultura en lengua española. Como ya lo ha hecho con una docena de autores, el Instituto guardó en cajilla de seguridad un legado de recuerdos y memorias del famoso conjunto: partituras, discos, videos, instrumentos, libros y un corbatín, entre otros. La urna solo podrá abrirse el 4 de septiembre de 2042.(Le puede interesar: 'Monos' gana premio a mejor película en Festival de Cine de Londres)",Les Luthiers: las palabras vuelan…en primera clase,https://www.eltiempo.com/cultura/musica-y-libros/les-luthiers-las-palabras-vuelan-en-primera-clase-422626,eltiempo,www.eltiempo.com,4,48
8631a271b06ee63fd5409ef320b7860f,"La presencia de metales pesados como el mercurio y el cadmio, y de rastros de sustancias químicas provenientes de plaguicidas, son, entre otras, las principales causas de contaminación de nuestro mar Caribe y una muestra más de los efectos negativos que tienen las actividades humanas en los recursos hídricos.",Hallan altas concentraciones de cadmio en ostras del Caribe,https://www.eltiempo.com/vida/ciencia/estudio-revela-altos-niveles-de-cadmio-en-ostras-del-mar-caribe-422940,eltiempo,www.eltiempo.com,6,22
f978ba73553f1c505973a607f4110abf,"La familia del expresidente Álvaro Uribe no quiso dejarlo solo el martes en la indagatoria que iba a rendir ante la Corte Suprema. Por eso, desde Antioquia llegaron a Bogotá su esposa, Lina Moreno, y sus dos nueras. Doña Lina se quedó en el apartamento, entre otras cosas, orando, mientras que sus nueras estuvieron un rato en el plantón del Parque Nacional. Su hijo Tomás se quedó para ir a la sede del Centro Democrático.","El apoyo familiar a Uribe, a propósito de la indagatoria / En Secreto",https://www.eltiempo.com/politica/partidos-politicos/alvaro-uribe-el-apoyo-de-su-familia-por-citacion-en-la-corte-en-secreto-422644,eltiempo,www.eltiempo.com,6,40
fa70974b15d7839ef2c96f5041e61ae8,"Federico Gutiérrez, alcalde de Medellín, ya tiene la estructuración de una de las obras claves para el futuro de la ciudad: el tren ligero de la 80. En Bucaramanga, Rodolfo Hernández no cumplió con la construcción de vivienda. En Barranquilla faltó recuperar en su totalidad el paseo Bolívar y Pereira no tendrá aún su ""central park"".",Las obras prometidas que los alcaldes dejaron pendientes,https://www.eltiempo.com/colombia/otras-ciudades/las-obras-prometidas-que-los-alcaldes-dejaron-pendientes-422910,eltiempo,www.eltiempo.com,5,27
ff7bfb555d09f7e68879de3011200250,"La película colombiana ‘Monos’ sigue con su racha de premios en festivales internacionales y no deja de llamar la atención entre la crítica y el público de otras latitudes.Una tendencia que se reforzó gracias al reciente galardón que recibió en la categoría de mejor película en el Festival de Cine de Londres (conocido como el BFI London Film Festival), tras competir con otras nueve producciones internacionales.",'Monos' gana premio a mejor película en Festival de Cine de Londres,https://www.eltiempo.com/cultura/cine-y-tv/filme-colombiano-monos-recibe-galardon-en-festival-de-cine-de-londres-422600,eltiempo,www.eltiempo.com,7,35
031f3573f8e255fdc4b56c043f6c2a7a,"Colombia viene cumpliendo al pie de la letra la tarea puesta para este año en erradicación forzada: arrancar 80.000 de las 169.000 hectáreas sembradas con matas de coca que fueron detectadas por Naciones Unidas durante 2018.Cada día, los integrantes de la Fuerza Pública están eliminando, en promedio, 231 hectáreas sembradas con cultivos de uso ilícito. Entre el 1.º de enero y el 10 de octubre han erradicado 65.231, lo que equivale al 81,65 por ciento de la meta.","En promedio, en un día, se erradican 231 hectáreas de coca",https://www.eltiempo.com/justicia/conflicto-y-narcotrafico/meta-de-erradicacion-forzada-va-en-un-80-por-ciento-422842,eltiempo,www.eltiempo.com,5,35
a69ed856367f0bcef785a57fc60a47ae,"Se oyen pasos de animal grande por el lado del escenario internacional. No me refiero a la dimensión política en la que los desafíos son serios y se han agravado, pero frente a los cuales –dado el curso de la actual estrategia de relaciones exteriores– no quedan demasiadas esperanzas de que se corrija el rumbo. Hacemos alusión, más bien, a otra constelación de severos riesgos para el país. Se trata de ese conjunto de nubarrones de tormenta que se ciernen sobre el horizonte de la economía mundial.",la otra diplomacia columna de gabriel silva lujan 422878,https://www.eltiempo.com/opinion/columnistas/gabriel-silva-lujan/la-otra-diplomacia-columna-de-gabriel-silva-lujan-422878,eltiempo,www.eltiempo.com,5,39
c720037fdbddf717e57509c926afd467,"Un verdadero ‘coctel’ cultural se vivió hace unos días en Bogotá. Una disquera independiente –en uno de los barrios más tradicionales de la ciudad– fue escogida para un completo ‘jam’ de improvisación, en donde los sonidos de la marimba del Pacífico se cruzaron con los del saxofón londinense y las gaitas sucreñas se armonizaron con los de una tuba británica.","Entrevista con Nubya García, la nueva cara del jazz londinense",https://www.eltiempo.com/cultura/musica-y-libros/entrevista-con-nubya-garcia-la-nueva-cara-del-jazz-londinense-422846,eltiempo,www.eltiempo.com,7,26
d63866d1ceddd5ca1cb32b7dae80c641,"Cuatro proyectos de negocios que avanzan en las regiones ofrecen lecciones sobre cómo acercar a los productores al crédito, vincular excombatientes -superando las prevenciones-, o apoyar la tecnificación del campo.Agricapital, Palmiagro, La Cuchilla de San Juan y Mundo Maderas fueron reconocidos con los premios Emprender Paz, iniciativa que desde el 2008 respaldan la Fundación Social, la embajada de Suecia y la Fundación Konrad Adenauer.",4 negocios en agro que dan lecciones de paz y pujanza,https://www.eltiempo.com/economia/sectores/4-negocios-en-agro-que-dan-lecciones-de-paz-y-pujanza-422816,eltiempo,www.eltiempo.com,6,34
4a1729a6e07a48369071e792bec652c1,"Sin tener boca, el planeta habla cada vez más fuerte y claro. Lo hace por medio de los glaciares, que ponen ante nuestros ojos los síntomas de la fiebre que castiga a nuestro mundo. Las montañas, con las cada vez más altas temperaturas, empiezan a ‘sudar’. La Tierra avisa que estamos en un punto en el que, tal y como lo dice la ONU, “si no tomamos acciones inmediatas, no habrá vuelta atrás”. ","Se acerca una era sin glaciares, cada vez se derriten más rápido",https://www.eltiempo.com/vida/medio-ambiente/se-acerca-una-era-sin-glaciares-cada-vez-se-derriten-mas-rapido-422852,eltiempo,www.eltiempo.com,6,36
83f68611d350d7ba02e67bb2a2ae4fde,"Desde 1971, la Fundación Universitaria Juan N. Corpas ha hecho de la farmacología vegetal una de las líneas fundamentales de su trabajo y, gracias a ésta, han podido desarrollar fórmulas magistrales a partir de productos de extracción natural. Le contamos en qué consisten estas fórmulas, en cuáles patologías aplica el uso de plantas medicinales y qué recomendaciones debe seguir un paciente que quiera comenzar el tratamiento.",Fórmulas magistrales: tratamientos diseñados para usted,https://www.eltiempo.com/contenido-comercial/formulas-magistrales-tratamientos-disenados-para-usted-418110,eltiempo,www.eltiempo.com,5,36
9c039a5fd7768662b4fade75938da5f5,"El 9 de octubre, día del paro nacional en Ecuador en contra de las medidas de austeridad del presidente Lenín Moreno, el fotógrafo David Díaz Arcos se encontraba en el Centro Histórico de Quito, cerca de una de las barricadas formadas por la policía y a pocos pasos, sin él saberlo, lo esperaba una de las fotografías de su vida.",¿Qué hay detrás de la foto más emblemática de protestas en Ecuador?,https://www.eltiempo.com/mundo/latinoamerica/que-hay-detras-de-la-foto-mas-emblematica-de-las-protestas-indigenas-en-ecuador-422958,eltiempo,www.eltiempo.com,5,28
8eff6373126b92de8891aa02b434b877,"Está demostrado que la falta de sexo baja las defensas, al punto que los apáticos sobre el catre son más propensos a padecer infecciones, principalmente por virus, de esos que pululan en el ambiente.Y no es cuento, porque la escasez de polvos aumenta el estrés y con ello, la liberación de cortisol y otras sustancias que desgastan el organismo y hacen que se pierda energía, dejando el cuerpo vulnerable frente a algunos invasores.",Los daños del verano sexual / Sexo con Esther,https://www.eltiempo.com/salud/los-danos-del-verano-sexual-columna-de-esther-balac-422684,eltiempo,www.eltiempo.com,5,33
